{
  "project_info": {
    "project_number": "1044412350776",
    "project_id": "vufinder-b083c",
    "storage_bucket": "vufinder-b083c.appspot.com"
  },
  "client": [
    {
      "client_info": {
        "mobilesdk_app_id": "1:1044412350776:android:1b013c2daa43d710a441cd",
        "android_client_info": {
          "package_name": "com.example.vufinder"
        }
      },
      "oauth_client": [
        {
          "client_id": "1044412350776-hie6dp4fhkq9589ofs1mqprfj87td6fl.apps.googleusercontent.com",
          "client_type": 1,
          "android_info": {
            "package_name": "com.example.vufinder",
            "certificate_hash": "5eec78a7415a271b2ef548b9b179a4f37025ad33"
          }
        },
        {
          "client_id": "1044412350776-6962rkk30e28ieouuho9ugfp8tjbsl7n.apps.googleusercontent.com",
          "client_type": 3
        }
      ],
      "api_key": [
        {
          "current_key": "AIzaSyAYhcHANvWiZ_lvPctaGHuzKI7SOsfnA-w"
        }
      ],
      "services": {
        "appinvite_service": {
          "other_platform_oauth_client": [
            {
              "client_id": "1044412350776-6962rkk30e28ieouuho9ugfp8tjbsl7n.apps.googleusercontent.com",
              "client_type": 3
            }
          ]
        }
      }
    }
  ],
  "configuration_version": "1"
}